hong.l@allinone.com,1
teck.a@allinone.com,1
xin.chua@allinone.com,1
benedict@allinone.com,1
kenneth.s.tan@allinone.com,1
william_tan@allinone.com,1
alexis.tan@allinone.com,1
henry.q@allinone.com,1
ethan.n@allinone.com,1
logan_chew@allinone.com,1
jack@allinone.com,1
jackson.s@allinone.com,1
jacob_tan@allinone.com,1
elijah.m@allinone.com,1
henry.q@allinone.com,2
ethan.n@allinone.com,2
logan_chew@allinone.com,2
jack@allinone.com,2
jackson.s@allinone.com,2
jacob_tan@allinone.com,2
elijah.m@allinone.com,2
william_tan@allinone.com,3
alexis.tan@allinone.com,3
henry.q@allinone.com,3
ethan.n@allinone.com,3
hong.l@allinone.com,4
teck.a@allinone.com,4
xin.chua@allinone.com,4
kenneth.s.tan@allinone.com,5
william_tan@allinone.com,5
alexis.tan@allinone.com,5
alexis.tan@allinone.com,6
henry.q@allinone.com,6
ethan.n@allinone.com,6
hong.l@allinone.com,7
teck.a@allinone.com,7
xin.chua@allinone.com,8
benedict@allinone.com,8
kenneth.s.tan@allinone.com,8
william_tan@allinone.com,8
alexis.tan@allinone.com,8
henry.q@allinone.com,8
ethan.n@allinone.com,8
logan_chew@allinone.com,9
jack@allinone.com,9
jackson.s@allinone.com,9
jacob_tan@allinone.com,9
elijah.m@allinone.com,10
henry.q@allinone.com,10
ethan.n@allinone.com,11
logan_chew@allinone.com,11
elijah.m@allinone.com,11
alexis.tan@allinone.com,11
henry.q@allinone.com,11
william_tan@allinone.com,11
alexis.tan@allinone.com,12
henry.q@allinone.com,12
ethan.n@allinone.com,12
teck.a@allinone.com,12
ethan.n@allinone.com,13
logan_chew@allinone.com,13
jack@allinone.com,13
hong.l@allinone.com,13
teck.a@allinone.com,13
xin.chua@allinone.com,14
benedict@allinone.com,14
kenneth.s.tan@allinone.com,14
william_tan@allinone.com,15
alexis.tan@allinone.com,15
henry.q@allinone.com,15
ethan.n@allinone.com,16
logan_chew@allinone.com,16
jack@allinone.com,16
jackson.s@allinone.com,16
jacob_tan@allinone.com,17
elijah.m@allinone.com,17
benedict@allinone.com,17
kenneth.s.tan@allinone.com,18
william_tan@allinone.com,18
elijah.m@allinone.com,18
benedict@allinone.com,18
henry.q@allinone.com,19
ethan.n@allinone.com,19
logan_chew@allinone.com,19
elijah.m@allinone.com,19
benedict@allinone.com,19
kenneth.s.tan@allinone.com,20
xin.chua@allinone.com,20
benedict@allinone.com,20
ethan.n@allinone.com,21
logan_chew@allinone.com,21
alexis.tan@allinone.com,21
henry.q@allinone.com,21
william_tan@allinone.com,21
xin.chua@allinone.com,21
benedict@allinone.com,21
jack@allinone.com,22
william_tan@allinone.com,22
alexis.tan@allinone.com,23
henry.q@allinone.com,23
xin.chua@allinone.com,24
benedict@allinone.com,24
kenneth.s.tan@allinone.com,25
william_tan@allinone.com,25
alexis.tan@allinone.com,26
henry.q@allinone.com,27
ethan.n@allinone.com,27
logan_chew@allinone.com,28
jack@allinone.com,28
jackson.s@allinone.com,28
jacob_tan@allinone.com,28
elijah.m@allinone.com,29
jackson.s@allinone.com,29
jacob_tan@allinone.com,30
benedict@allinone.com,30
kenneth.s.tan@allinone.com,30
william_tan@allinone.com,30
alexis.tan@allinone.com,31
henry.q@allinone.com,31
ethan.n@allinone.com,32
logan_chew@allinone.com,32
jack@allinone.com,32
henry.q@allinone.com,33
ethan.n@allinone.com,33
logan_chew@allinone.com,34
jack@allinone.com,34
william_tan@allinone.com,35
alexis.tan@allinone.com,36
henry.q@allinone.com,37
xin.chua@allinone.com,37
benedict@allinone.com,37
kenneth.s.tan@allinone.com,37
william_tan@allinone.com,38
alexis.tan@allinone.com,38
henry.q@allinone.com,39
ethan.n@allinone.com,39
logan_chew@allinone.com,40
jack@allinone.com,40
ethan.n@allinone.com,41
logan_chew@allinone.com,41
jack@allinone.com,41
william_tan@allinone.com,41
alexis.tan@allinone.com,41
william_tan@allinone.com,42
henry.q@allinone.com,42
logan_chew@allinone.com,42
jack@allinone.com,42
jack@allinone.com,43
william_tan@allinone.com,43
alexis.tan@allinone.com,43
henry.q@allinone.com,44
ethan.n@allinone.com,44
logan_chew@allinone.com,44
jack@allinone.com,44
logan_chew@allinone.com,36
jackson.s@allinone.com,26
