candy.lim@allinone.com,candy lim qi qi,operation planning,HR and admin,administrator
max_sim@allinone.com,max sim xing le,operation planning,HR and admin,administrator
grace_lee@allinone.com,grace lee jia rong,operation planning,HR and admin,administrator
josiah_lee@allinone.com,josiah lee en xiang,admin and call centre,HR and admin,administrator
alice.chua@allinone.com,alice chualings,admin and call centre,HR and admin,administrator
hong.l@allinone.com,hong li jia,repair engineer,operations,trainer
teck.a@allinone.com,teck alex simon,repair engineer,operations,trainer
xin.chua@allinone.com,chua xin qi ,repair engineer,operations,trainer
benedict@allinone.com,benedict tan jia ke,repair engineer,operations,trainer
kenneth.s.tan@allinone.com,kenneth singer tan,roving service engineer,operations,trainer
william_tan@allinone.com,william tan rong jie,roving service engineer,operations,trainer
alexis.tan@allinone.com,alexis tan yi en,roving service engineer,operations,trainer
henry.q@allinone.com,henry queens,roving service engineer,operations,trainer
ethan.n@allinone.com,ethan neil,roving service engineer,operations,trainer
logan_chew@allinone.com,logan chew,roving service engineer,operations,trainer
jack@allinone.com,jack winding,roving service engineer,operations,trainer
jackson.s@allinone.com,jackson snyder,roving service engineer,operations,trainer
jacob_tan@allinone.com,jacob tan rong li,roving service engineer,operations,trainer
elijah.m@allinone.com,elijah miller,roving service engineer,operations,trainer
jonathan.lim@allinone.com,jonathan lim li rui,roving service engineer,operations,learner
jonas.q.tan@allinone.com,jonas quinn tan,roving service engineer,operations,learner
benjamin.chew@allinone.com,benjamin chew ming en,roving service engineer,operations,learner
oliver.sun@allinone.com,oliver sun ming,roving service engineer,operations,learner
liam.lim@allinone.com,liam lim jia jia,roving service engineer,operations,learner
ben.tan@allinone.com,ben tan jia rui,roving service engineer,operations,learner
mica.s@allinone.com,mica smith,roving service engineer,operations,learner
daniel_lim@allinone.com,daniel lim jia en,roving service engineer,operations,learner
levi.a@allinone.com,levi alexander,roving service engineer,operations,learner
owen_choo@allinone.com,owen choo yang ru,roving service engineer,operations,learner
alex.chen@allinone.com,alex chen rui na,roving service engineer,operations,learner
lum.s@allinone.com,lum stewart scott,roving service engineer,operations,learner
aiden.j@allinone.com,aiden jonas,roving service engineer,operations,learner
samuel_lim@allinone.com,samuel lim yao en,roving service engineer,operations,learner
jose_lee@allinone.com,jose lee teck anh,roving service engineer,operations,learner
carter.k@allinone.com,carter kane,roving service engineer,operations,learner
isaac_phoon@allinone.com,isaac phoon bing hai,roving service engineer,operations,learner
gray_lee@allinone.com,gray lee bao lam,roving service engineer,operations,learner
luke_sim@allinone.com,luke sim bao yi,roving service engineer,operations,learner
leo.k@allinone.com,leo kelly,roving service engineer,operations,learner
matt.a@allinone.com,matt anderson,roving service engineer,operations,learner
wyatt_king@allinone.com,wyatt king anders,roving service engineer,operations,learner
owen.j@allinone.com,owen johnson,roving service engineer,operations,learner
jackson_lum@allinone.com,jackson lum bi jia,roving service engineer,operations,learner
josiah.j@allinone.com,josiah johnson,roving service engineer,operations,learner
andrew_lee@allinone.com,andrew lee qin wei,roving service engineer,operations,learner
thomas_choo@allinone.com,thomas choo teck xiang,roving service engineer,operations,learner
charles.o@allinone.com,charles olson,roving service engineer,operations,learner
jaxon_lim@allinone.com,jaxon lim xiang rui,roving service engineer,operations,learner
maverick_lee@allinone.com,maverick lee kun yi,roving service engineer,operations,learner
thomick_chen@allinone.com,thomick chen bao jia,roving service engineer,operations,learner
chester_lim@allinone.com,chester lim wei jie,roving service engineer,operations,learner
gavin_lee@allinone.com,gavin lee jia hai,roving service engineer,operations,learner
robert_lim@allinone.com,robert lim hong de,roving service engineer,operations,learner
greyson.j@allinone.com,greyson jenkins,roving service engineer,operations,learner
peng_lim@allinone.com,peng lei lim,roving service engineer,operations,learner
nathan_lee@allinone.com,nathan lee chang yi,roving service engineer,operations,learner
nathan.h@allinone.com,nathan harris,roving service engineer,operations,learner
joshua_lim@allinone.com,joshua lim jia cao,roving service engineer,operations,learner
cooper.g@allinone.com,cooper gwens,roving service engineer,operations,learner
ian_sim@allinone.com,ian sim dai yu,roving service engineer,operations,learner
evan.g@allinone.com,evan griffin,roving service engineer,operations,learner
silas_lee@allinone.com,silas lee de lun,roving service engineer,operations,learner
ryan_tan@allinone.com,ryan tan han ming,roving service engineer,operations,learner
wayn.g@allinone.com,wayn gordon,roving service engineer,operations,learner
jason_q@allinone.com,jason qing chen,roving service engineer,operations,learner
cole_chua@allinone.com,cole chua ming en,roving service engineer,operations,learner
luca.d@allinone.com,luca devers,roving service engineer,operations,learner
colt.g@allinone.com,colt george,roving service engineer,operations,learner
lee_eng@allinone.com,lee eng lam,roving service engineer,operations,learner
gabriel_ong@allinone.com,gabriel ong ci yu,roving service engineer,operations,learner
eli.s@allinone.com,eli silvers,roving service engineer,operations,learner
christian_lee@allinone.com,christian lee wei lun,roving service engineer,operations,learner
joseph_lim@allinone.com,joseph lim dong hai,roving service engineer,operations,learner
rica.h@allinone.com,rica howard,roving service engineer,operations,learner
zachary.n@allinone.com,zachary nowells,roving service engineer,operations,learner
max_phoon@allinone.com,max phoon lun fatt,roving service engineer,operations,learner
jose.f@allinone.com,jose fisher,roving service engineer,operations,learner
calvin_chen@allinone.com,calvin chen yi han,roving service engineer,operations,learner
alexis.q@allinone.com,alexis queens,roving service engineer,operations,learner
